[{"model": "registration.membership", "pk": 4, "fields": {"street": "2166 Court Street", "city": "Eureka", "state": "MO", "post_code": "63025", "phone": "636-587-0922", "email": "ChristyCSnow@gustr.com", "level": "standard", "reg_date": "2020-05-29", "exp_date": "2020-05-29", "benefactor": false, "verification_code": "209d2d62-8dab-4ed6-b446-13d5cdabae8e", "status": "new", "pay_code": null}},
{"model": "registration.membership", "pk": 5, "fields": {"street": "4156 Coolidge Street", "city": "Billings", "state": "MT", "post_code": "59102", "phone": "406-946-5332", "email": "TanyaTDenton@gustr.com", "level": "standard", "reg_date": "2020-05-29", "exp_date": "2020-05-29", "benefactor": false, "verification_code": "9f588045-6a42-47dc-861b-642a3f1e313d", "status": "new", "pay_code": null}},
{"model": "registration.membership", "pk": 6, "fields": {"street": "840 West Side Avenue", "city": "Rochelle Park", "state": "NJ", "post_code": "07662", "phone": "201-208-0385", "email": "OraJShafer@jourrapide.com", "level": "standard", "reg_date": "2020-05-29", "exp_date": "2020-05-29", "benefactor": true, "verification_code": "0f88f226-e167-43a8-96c7-ed20d02dc5d2", "status": "new", "pay_code": null}},
{"model": "registration.membership", "pk": 7, "fields": {"street": "3408 Finwood Road", "city": "New Brunswick", "state": "NJ", "post_code": "08901", "phone": "732-509-2452", "email": "CarolJHowe@cuvox.de", "level": "standard", "reg_date": "2020-05-29", "exp_date": "2020-05-29", "benefactor": true, "verification_code": "7ba6e3fa-c47f-494a-9dda-9df6aa12331c", "status": "new", "pay_code": null}},
{"model": "registration.membership", "pk": 8, "fields": {"street": "2102 Parrill Court", "city": "Cedar Lake", "state": "IN", "post_code": "46303", "phone": "219-374-8756", "email": "SophieGShelton@teleworm.us", "level": "family", "reg_date": "2020-05-29", "exp_date": "2020-05-29", "benefactor": false, "verification_code": "d58d9b47-7189-48a2-a549-62fd27f53a56", "status": "new", "pay_code": null}},
{"model": "registration.membership", "pk": 9, "fields": {"street": "4773 Jehovah Drive", "city": "Blacksburg", "state": "VA", "post_code": "24060", "phone": "540-553-1378", "email": "FelicitasJHartfield@einrot.com", "level": "family", "reg_date": "2020-05-29", "exp_date": "2020-05-29", "benefactor": false, "verification_code": "423737e2-2f1e-462f-9c08-7670203c516f", "status": "new", "pay_code": null}},
{"model": "registration.membership", "pk": 10, "fields": {"street": "2187 Longview Avenue", "city": "Brooklyn", "state": "NY", "post_code": "11221", "phone": "718-602-6943", "email": "WindyCGuzman@fleckens.hu", "level": "family", "reg_date": "2020-05-29", "exp_date": "2020-05-29", "benefactor": true, "verification_code": "fc4bd7a4-c390-450a-aee6-0c1852e3b48a", "status": "new", "pay_code": null}},
{"model": "registration.membership", "pk": 11, "fields": {"street": "4505 Duke Lane", "city": "Newark", "state": "NJ", "post_code": "07102", "phone": "732-667-3974", "email": "MatthewASeltzer@cuvox.de", "level": "family", "reg_date": "2020-05-29", "exp_date": "2020-05-29", "benefactor": false, "verification_code": "034edd30-fb19-4b5c-b81e-557f67dbc19b", "status": "new", "pay_code": null}},
{"model": "registration.membership", "pk": 12, "fields": {"street": "3093 Sycamore Fork Road", "city": "Eden Prairie", "state": "MN", "post_code": "55344", "phone": "952-941-0067", "email": "MichaelEForney@armyspy.com", "level": "family", "reg_date": "2020-05-29", "exp_date": "2020-05-29", "benefactor": true, "verification_code": "bfa0d548-b7c2-4f7b-918a-383cf9335dc5", "status": "new", "pay_code": null}},
{"model": "registration.membership", "pk": 13, "fields": {"street": "3151 Monroe Street", "city": "Houston", "state": "TX", "post_code": "77030", "phone": "713-442-7326", "email": "ColumbusALunsford@jourrapide.com", "level": "joad", "reg_date": "2020-05-29", "exp_date": "2020-05-29", "benefactor": false, "verification_code": "67bf7ed9-204a-4352-9931-1eeb884a7278", "status": "new", "pay_code": null}},
{"model": "registration.membership", "pk": 14, "fields": {"street": "3850 Warner Street", "city": "Ft Lauderdale", "state": "FL", "post_code": "33311", "phone": "305-951-5548", "email": "JaunitaERivera@dayrep.com", "level": "joad", "reg_date": "2020-05-29", "exp_date": "2020-05-29", "benefactor": false, "verification_code": "0065fd3d-b95a-48ec-b05c-489971db9906", "status": "new", "pay_code": null}},
{"model": "registration.membership", "pk": 15, "fields": {"street": "896 Trymore Road", "city": "Byron", "state": "MN", "post_code": "55920", "phone": "507-775-9794", "email": "JamesSTaylor@dayrep.com", "level": "joad", "reg_date": "2020-05-29", "exp_date": "2020-05-29", "benefactor": true, "verification_code": "0a9b02c0-d13f-46f2-bb84-97684f187c1d", "status": "new", "pay_code": null}},
{"model": "registration.membership", "pk": 16, "fields": {"street": "2595 Ash Street", "city": "Dallas", "state": "TX", "post_code": "75240", "phone": "972-778-6196", "email": "CandyCMoore@gustr.com", "level": "joad", "reg_date": "2020-05-29", "exp_date": "2020-05-29", "benefactor": true, "verification_code": "fc41fdad-835b-4f4f-8268-fba561456500", "status": "new", "pay_code": null}},
{"model": "registration.membership", "pk": 17, "fields": {"street": "1870 Cooks Mine Road", "city": "Dexter", "state": "NM", "post_code": "88230", "phone": "505-734-0275", "email": "JacobMOrtiz@fleckens.hu", "level": "senior", "reg_date": "2020-05-29", "exp_date": "2020-05-29", "benefactor": false, "verification_code": "39df2660-1499-4e8b-8de1-57611fe23ba7", "status": "new", "pay_code": null}},
{"model": "registration.membership", "pk": 18, "fields": {"street": "3534 Martha Ellen Drive", "city": "Reno", "state": "NV", "post_code": "89512", "phone": "775-745-2947", "email": "PatriciaDRowe@fleckens.hu", "level": "senior", "reg_date": "2020-05-29", "exp_date": "2020-05-29", "benefactor": true, "verification_code": "9fd3f6d0-6c29-45e2-8a69-f0c86262ef29", "status": "new", "pay_code": null}},
{"model": "registration.member", "pk": 5, "fields": {"membership": 4, "first_name": "Christy", "last_name": "Snow", "dob": "1996-09-05"}},
{"model": "registration.member", "pk": 6, "fields": {"membership": 5, "first_name": "Tanya", "last_name": "Denton", "dob": "2010-05-15"}},
{"model": "registration.member", "pk": 7, "fields": {"membership": 6, "first_name": "Ora", "last_name": "Shafer", "dob": "1998-02-03"}},
{"model": "registration.member", "pk": 8, "fields": {"membership": 7, "first_name": "Carol", "last_name": "Howe", "dob": "2010-05-15"}},
{"model": "registration.member", "pk": 9, "fields": {"membership": 8, "first_name": "Sophie", "last_name": "Shelton", "dob": "1967-06-02"}},
{"model": "registration.member", "pk": 10, "fields": {"membership": 8, "first_name": "Janet", "last_name": "Shelton", "dob": "2010-05-18"}},
{"model": "registration.member", "pk": 11, "fields": {"membership": 9, "first_name": "Felicitas", "last_name": "Hartfield", "dob": "1990-05-15"}},
{"model": "registration.member", "pk": 12, "fields": {"membership": 9, "first_name": "Derrik", "last_name": "Hartfield", "dob": "2002-05-15"}},
{"model": "registration.member", "pk": 13, "fields": {"membership": 10, "first_name": "Windy", "last_name": "Guzman", "dob": "1991-08-15"}},
{"model": "registration.member", "pk": 14, "fields": {"membership": 10, "first_name": "Jack", "last_name": "Guzman", "dob": "2002-07-15"}},
{"model": "registration.member", "pk": 15, "fields": {"membership": 10, "first_name": "Laurn", "last_name": "Guzman", "dob": "2008-06-12"}},
{"model": "registration.member", "pk": 16, "fields": {"membership": 11, "first_name": "Matthew", "last_name": "Seltzer", "dob": "1998-06-26"}},
{"model": "registration.member", "pk": 17, "fields": {"membership": 11, "first_name": "Lisa", "last_name": "Selzer", "dob": "1995-04-28"}},
{"model": "registration.member", "pk": 18, "fields": {"membership": 12, "first_name": "Michael", "last_name": "Forney", "dob": "1973-10-16"}},
{"model": "registration.member", "pk": 19, "fields": {"membership": 12, "first_name": "Barb", "last_name": "Forney", "dob": "2002-11-16"}},
{"model": "registration.member", "pk": 20, "fields": {"membership": 13, "first_name": "Columbus", "last_name": "Lunsford", "dob": "2002-07-11"}},
{"model": "registration.member", "pk": 21, "fields": {"membership": 14, "first_name": "Jaunita", "last_name": "Rivera", "dob": "2007-07-30"}},
{"model": "registration.member", "pk": 22, "fields": {"membership": 15, "first_name": "James", "last_name": "Taylor", "dob": "2004-11-09"}},
{"model": "registration.member", "pk": 23, "fields": {"membership": 16, "first_name": "Candy", "last_name": "Moore", "dob": "2011-05-01"}},
{"model": "registration.member", "pk": 24, "fields": {"membership": 17, "first_name": "Jacob", "last_name": "Ortiz", "dob": "1951-02-21"}},
{"model": "registration.member", "pk": 25, "fields": {"membership": 18, "first_name": "Patricia", "last_name": "Rowe", "dob": "1962-12-15"}},
{"model": "registration.joad_sessions", "pk": 1, "fields": {"start_date": "2020-05-15", "state": "open"}},
{"model": "registration.joad_session_registration", "pk": 1, "fields": {"mem": 6, "pay_status": "new", "idempotency_key": "9f588045-6a42-47dc-861b-642a3f1e313d", "session": 1}},
{"model": "registration.joad_session_registration", "pk": 2, "fields": {"mem": 8, "pay_status": "new", "idempotency_key": "7ba6e3fa-c47f-494a-9dda-9df6aa12331c", "session": 1}},
{"model": "registration.joad_session_registration", "pk": 3, "fields": {"mem": 12, "pay_status": "new", "idempotency_key": "423737e2-2f1e-462f-9c08-7670203c516f", "session": 1}},
{"model": "registration.joad_session_registration", "pk": 4, "fields": {"mem": 14, "pay_status": "new", "idempotency_key": "fc4bd7a4-c390-450a-aee6-0c1852e3b48a", "session": 1}},
{"model": "registration.joad_session_registration", "pk": 5, "fields": {"mem": 15, "pay_status": "new", "idempotency_key": "fc4bd7a4-c390-450a-aee6-0c1852e3b48a", "session": 1}},
{"model": "registration.joad_session_registration", "pk": 6, "fields": {"mem": 19, "pay_status": "new", "idempotency_key": "bfa0d548-b7c2-4f7b-918a-383cf9335dc5", "session": 1}},
{"model": "registration.joad_session_registration", "pk": 7, "fields": {"mem": 21, "pay_status": "new", "idempotency_key": "0065fd3d-b95a-48ec-b05c-489971db9906", "session": 1}},
{"model": "registration.joad_session_registration", "pk": 8, "fields": {"mem": 23, "pay_status": "new", "idempotency_key": "fc41fdad-835b-4f4f-8268-fba561456500", "session": 1}}]